"DESCRIPTION","DURATION IN MS","NAME","PARENT SUITE","START TIME","STATUS","STOP TIME","SUB SUITE","SUITE","TEST CLASS","TEST METHOD"
"","839","TC05 - Register with mismatched passwords","chromium","2026-09-28","passed","2026-09-28","ParaBank Registration","register.spec.js","",""
"","838","TC21 - Negative amount is reported as transferred","chromium","2026-09-28","passed","2026-09-28","Transfer Funds","transferFunds.spec.js","",""
"","2956","TC25 - Confirmation shows correct payee name and amount","chromium","2026-09-28","passed","2026-09-28","Bill Pay","billPay.spec.js","",""
"","1290","TC09 - New account appears on Accounts Overview with correct number and balance","chromium","2026-09-28","passed","2026-09-28","ParaBank Registration","newAccount.spec.js","",""
"","804","TC04 - Register with empty username","chromium","2026-09-28","passed","2026-09-28","ParaBank Registration","register.spec.js","",""
"","45973","TC27 - Empty payee name is rejected","chromium","2026-09-28","broken","2026-09-28","Bill Pay","billPay.spec.js","",""
"","1125","TC41 - An approved loan creates a new account visible on Accounts Overview","chromium","2026-09-28","passed","2026-09-28","Request Loan","requestLoan.spec.js","",""
"","1263","TC10 - Login with valid credentials succeeds","chromium","2026-09-28","passed","2026-09-28","ParaBank Login","login.spec.js","",""
"","845","TC02 - Register with empty first name","chromium","2026-09-28","passed","2026-09-28","ParaBank Registration","register.spec.js","",""
"","1096","TC13 - Login with empty username and password shows validation error","chromium","2026-09-28","passed","2026-09-28","ParaBank Login","login.spec.js","",""
"","839","TC03 - Register with empty last name","chromium","2026-09-28","passed","2026-09-28","ParaBank Registration","register.spec.js","",""
"","757","TC37 - Clearing a required field (e.g. street) is rejected","chromium","2026-09-28","passed","2026-09-28","Update Profile","updateProfile.spec.js","",""
"","2860","TC29 - Non-numeric amount is rejected","chromium","2026-09-28","passed","2026-09-28","Bill Pay","billPay.spec.js","",""
"","1309","TC06 - Register with a username that already exists","chromium","2026-09-28","passed","2026-09-28","ParaBank Registration","register.spec.js","",""
"","1220","TC07 - Open new Account - Checking","chromium","2026-09-28","passed","2026-09-28","ParaBank Registration","newAccount.spec.js","",""
"","951","TC19 - Transferred amount is correctly debited from source and credited to destination","chromium","2026-09-28","passed","2026-09-28","Transfer Funds","transferFunds.spec.js","",""
"","1201","TC15 - Username is case-sensitive","chromium","2026-09-28","passed","2026-09-28","ParaBank Login","login.spec.js","",""
"","1319","TC14 - Login with valid username but empty password shows error","chromium","2026-09-28","passed","2026-09-28","ParaBank Login","login.spec.js","",""
"","897","TC01 - Register with valid details","chromium","2026-09-28","passed","2026-09-28","ParaBank Registration","register.spec.js","",""
"","7936","TC11 - Login with wrong password shows error","chromium","2026-09-28","failed","2026-09-28","ParaBank Login","login.spec.js","",""
"","930","TC23 - Transfer to the same account (from == to) — balance unchanged","chromium","2026-09-28","passed","2026-09-28","Transfer Funds","transferFunds.spec.js","",""
"","9867","TC24 - Pay a bill with all valid details succeeds","chromium","2026-09-28","failed","2026-09-28","Bill Pay","billPay.spec.js","",""
"","1070","TC38 - Updated info persists after navigating away and back","chromium","2026-09-28","passed","2026-09-28","Update Profile","updateProfile.spec.js","",""
"","2980","TC33 - Search by today's date returns today's transactions","chromium","2026-09-28","passed","2026-09-28","Find Transactions","findTransactions.spec.js","",""
"","1365","TC08 - Open new Savings account and verify account details","chromium","2026-09-28","passed","2026-09-28","ParaBank Registration","newAccount.spec.js","",""
"","1168","TC40 - Loan request far exceeding available funds is Denied","chromium","2026-09-28","passed","2026-09-28","Request Loan","requestLoan.spec.js","",""
"","806","TC22 - Transfer with non-numeric amount is rejected","chromium","2026-09-28","passed","2026-09-28","Transfer Funds","transferFunds.spec.js","",""
"","1005","TC16 - Logged-in user can log out successfully","chromium","2026-09-28","passed","2026-09-28","ParaBank Login","login.spec.js","",""
"","2888","TC32 - Search by an amount with no matches returns zero rows / no-results message","chromium","2026-09-28","passed","2026-09-28","Find Transactions","findTransactions.spec.js","",""
"","3464","TC30 - Paid amount is correctly deducted from source account balance","chromium","2026-09-28","passed","2026-09-28","Bill Pay","billPay.spec.js","",""
"","728","TC36 - Update all editable fields with valid data succeeds","chromium","2026-09-28","passed","2026-09-28","Update Profile","updateProfile.spec.js","",""
"","592","TC12 - Login with unknown username shows error","chromium","2026-09-28","passed","2026-09-28","ParaBank Login","login.spec.js","",""
"","860","TC20 - Zero amount is reported as transferred","chromium","2026-09-28","passed","2026-09-28","Transfer Funds","transferFunds.spec.js","",""
"","2679","TC26 - Mismatched account number / verify-account number is rejected","chromium","2026-09-28","passed","2026-09-28","Bill Pay","billPay.spec.js","",""
"","8262","TC39 - Loan request with sufficient down payment is Approved","chromium","2026-09-28","failed","2026-09-28","Request Loan","requestLoan.spec.js","",""
"","1454","TC18 - Transfer a valid amount between own accounts succeeds","chromium","2026-09-28","passed","2026-09-28","Transfer Funds","transferFunds.spec.js","",""
"","46050","TC34 - Search by a date range spanning today returns results","chromium","2026-09-28","broken","2026-09-28","Find Transactions","findTransactions.spec.js","",""
"","1582","TC35 - Search by an invalid/non-existent transaction ID returns no results","chromium","2026-09-28","passed","2026-09-28","Find Transactions","findTransactions.spec.js","",""
"","381","TC17 - Direct navigation to overview without a session redirects to login or security gate","chromium","2026-09-28","passed","2026-09-28","ParaBank Login","login.spec.js","",""
"","45931","TC31 - Search by a known transaction amount returns matching row(s)","chromium","2026-09-28","broken","2026-09-28","Find Transactions","findTransactions.spec.js","",""
"","3539","TC28 - Empty amount is rejected","chromium","2026-09-28","passed","2026-09-28","Bill Pay","billPay.spec.js","",""
"","1011","TC42 - Submitting with empty amount is rejected client-side","chromium","2026-09-28","passed","2026-09-28","Request Loan","requestLoan.spec.js","",""
